-- Adminer 4.8.1 MySQL 8.0.27 dump

SET NAMES utf8;
SET time_zone = '+00:00';
SET foreign_key_checks = 0;
SET sql_mode = 'NO_AUTO_VALUE_ON_ZERO';

SET NAMES utf8mb4;

CREATE DATABASE `brackets` /*!40100 DEFAULT CHARACTER SET utf8mb4 COLLATE utf8mb4_0900_ai_ci */ /*!80016 DEFAULT ENCRYPTION='N' */;
USE `brackets`;

DROP TABLE IF EXISTS `competitors`;
CREATE TABLE `competitors` (
  `id` int NOT NULL AUTO_INCREMENT,
  `tournament_id` int NOT NULL,
  `name` varchar(255) NOT NULL,
  `created_at` timestamp NOT NULL DEFAULT CURRENT_TIMESTAMP,
  `updated_at` timestamp NOT NULL ON UPDATE CURRENT_TIMESTAMP,
  PRIMARY KEY (`id`)
) ENGINE=InnoDB DEFAULT CHARSET=utf8mb4 COLLATE=utf8mb4_0900_ai_ci;

INSERT INTO `competitors` (`id`, `tournament_id`, `name`, `created_at`, `updated_at`) VALUES
(329,	40,	'Carine',	'2021-12-12 15:10:26',	'2021-12-12 15:10:26'),
(330,	40,	'Cherin',	'2021-12-12 15:10:26',	'2021-12-12 15:10:26'),
(331,	40,	'Benni',	'2021-12-12 15:10:26',	'2021-12-12 15:10:26'),
(332,	40,	'Dorice',	'2021-12-12 15:10:26',	'2021-12-12 15:10:26'),
(333,	40,	'Darcey',	'2021-12-12 15:10:26',	'2021-12-12 15:10:26'),
(334,	40,	'Shaun',	'2021-12-12 15:10:26',	'2021-12-12 15:10:26'),
(335,	40,	'Brandie',	'2021-12-12 15:10:26',	'2021-12-12 15:10:26'),
(336,	40,	'Ricca',	'2021-12-12 15:10:26',	'2021-12-12 15:10:26'),
(337,	40,	'Maurita',	'2021-12-12 15:10:26',	'2021-12-12 15:10:26'),
(338,	40,	'Ingeberg',	'2021-12-12 15:10:26',	'2021-12-12 15:10:26'),
(339,	40,	'Winonah',	'2021-12-12 15:10:26',	'2021-12-12 15:10:26'),
(340,	40,	'Sunshine',	'2021-12-12 15:10:26',	'2021-12-12 15:10:26'),
(341,	40,	'Ulrikaumeko',	'2021-12-12 15:10:26',	'2021-12-12 15:10:26'),
(342,	40,	'Cherianne',	'2021-12-12 15:10:26',	'2021-12-12 15:10:26'),
(343,	40,	'Valeria',	'2021-12-12 15:10:26',	'2021-12-12 15:10:26'),
(344,	40,	'Martynne',	'2021-12-12 15:10:26',	'2021-12-12 15:10:26'),
(345,	41,	'Quintana',	'2021-12-13 04:29:28',	'2021-12-13 04:29:28'),
(346,	41,	'Ursola',	'2021-12-13 04:29:28',	'2021-12-13 04:29:28'),
(347,	41,	'Yolande',	'2021-12-13 04:29:28',	'2021-12-13 04:29:28'),
(348,	41,	'Carissa',	'2021-12-13 04:29:28',	'2021-12-13 04:29:28'),
(349,	41,	'Hedvig',	'2021-12-13 04:29:28',	'2021-12-13 04:29:28'),
(350,	41,	'Johnna',	'2021-12-13 04:29:28',	'2021-12-13 04:29:28'),
(351,	41,	'Valencia',	'2021-12-13 04:29:28',	'2021-12-13 04:29:28'),
(352,	41,	'Lissie',	'2021-12-13 04:29:28',	'2021-12-13 04:29:28'),
(353,	42,	'Joyce',	'2021-12-13 04:31:05',	'2021-12-13 04:31:05'),
(354,	42,	'Nathalia',	'2021-12-13 04:31:05',	'2021-12-13 04:31:05'),
(355,	42,	'Lesya',	'2021-12-13 04:31:05',	'2021-12-13 04:31:05'),
(356,	42,	'Beverley',	'2021-12-13 04:31:05',	'2021-12-13 04:31:05'),
(357,	42,	'Barbie',	'2021-12-13 04:31:05',	'2021-12-13 04:31:05'),
(358,	42,	'Winonah',	'2021-12-13 04:31:05',	'2021-12-13 04:31:05'),
(359,	42,	'Norina',	'2021-12-13 04:31:05',	'2021-12-13 04:31:05'),
(360,	42,	'Olivie',	'2021-12-13 04:31:05',	'2021-12-13 04:31:05'),
(361,	42,	'Toma',	'2021-12-13 04:31:05',	'2021-12-13 04:31:05'),
(362,	42,	'Stefanie',	'2021-12-13 04:31:05',	'2021-12-13 04:31:05'),
(363,	42,	'Ethelind',	'2021-12-13 04:31:05',	'2021-12-13 04:31:05'),
(364,	42,	'Indira',	'2021-12-13 04:31:05',	'2021-12-13 04:31:05'),
(365,	42,	'Arlen',	'2021-12-13 04:31:05',	'2021-12-13 04:31:05'),
(366,	42,	'Bonni',	'2021-12-13 04:31:05',	'2021-12-13 04:31:05'),
(367,	42,	'Arabelle',	'2021-12-13 04:31:05',	'2021-12-13 04:31:05'),
(368,	42,	'Dulcine',	'2021-12-13 04:31:05',	'2021-12-13 04:31:05'),
(369,	43,	'Bertha',	'2021-12-15 12:19:42',	'2021-12-15 12:19:42'),
(370,	43,	'Noellyn',	'2021-12-15 12:19:42',	'2021-12-15 12:19:42'),
(371,	43,	'Lou',	'2021-12-15 12:19:42',	'2021-12-15 12:19:42'),
(372,	43,	'Vonni',	'2021-12-15 12:19:42',	'2021-12-15 12:19:42'),
(373,	43,	'Dotty',	'2021-12-15 12:19:42',	'2021-12-15 12:19:42'),
(374,	43,	'Rena',	'2021-12-15 12:19:42',	'2021-12-15 12:19:42'),
(375,	43,	'Coral',	'2021-12-15 12:19:42',	'2021-12-15 12:19:42'),
(376,	43,	'Kissiah',	'2021-12-15 12:19:42',	'2021-12-15 12:19:42');

DROP TABLE IF EXISTS `match_competitors`;
CREATE TABLE `match_competitors` (
  `id` int NOT NULL AUTO_INCREMENT,
  `match_id` int NOT NULL,
  `competitor_id` int NOT NULL,
  `score` int DEFAULT NULL,
  `last_users_position` int DEFAULT NULL,
  `created_at` timestamp NOT NULL DEFAULT CURRENT_TIMESTAMP ON UPDATE CURRENT_TIMESTAMP,
  `updated_at` timestamp NULL DEFAULT NULL,
  PRIMARY KEY (`id`)
) ENGINE=InnoDB DEFAULT CHARSET=utf8mb4 COLLATE=utf8mb4_0900_ai_ci;

INSERT INTO `match_competitors` (`id`, `match_id`, `competitor_id`, `score`, `last_users_position`, `created_at`, `updated_at`) VALUES
(66,	107,	341,	87,	NULL,	'2021-12-12 17:40:10',	'2021-12-12 17:40:10'),
(67,	109,	329,	3,	NULL,	'2021-12-12 17:40:52',	'2021-12-12 17:40:52'),
(68,	108,	336,	90,	NULL,	'2021-12-12 17:40:27',	'2021-12-12 17:40:27'),
(69,	112,	330,	NULL,	NULL,	'2021-12-12 15:12:36',	'2021-12-12 15:12:36'),
(70,	114,	332,	NULL,	NULL,	'2021-12-12 15:12:36',	'2021-12-12 15:12:36'),
(71,	110,	333,	222,	NULL,	'2021-12-12 17:56:08',	'2021-12-12 17:56:08'),
(72,	111,	331,	29,	NULL,	'2021-12-12 17:55:28',	'2021-12-12 17:55:27'),
(73,	113,	334,	NULL,	NULL,	'2021-12-12 15:12:36',	'2021-12-12 15:12:36'),
(74,	107,	344,	10000000,	NULL,	'2021-12-13 04:29:00',	'2021-12-13 04:29:00'),
(75,	109,	337,	100,	NULL,	'2021-12-12 17:40:46',	'2021-12-12 17:40:46'),
(76,	108,	342,	10,	NULL,	'2021-12-12 17:40:18',	'2021-12-12 17:40:18'),
(77,	110,	335,	20,	NULL,	'2021-12-12 17:55:59',	'2021-12-12 17:55:59'),
(78,	111,	338,	123,	NULL,	'2021-12-12 17:55:35',	'2021-12-12 17:55:35'),
(79,	114,	340,	NULL,	NULL,	'2021-12-12 15:12:36',	'2021-12-12 15:12:36'),
(80,	112,	339,	NULL,	NULL,	'2021-12-12 15:12:36',	'2021-12-12 15:12:36'),
(81,	113,	343,	NULL,	NULL,	'2021-12-12 15:12:36',	'2021-12-12 15:12:36'),
(82,	115,	348,	234234,	NULL,	'2021-12-14 14:33:27',	'2021-12-14 14:33:26'),
(83,	116,	352,	234,	NULL,	'2021-12-14 17:14:07',	'2021-12-14 17:14:07'),
(84,	117,	350,	24324,	NULL,	'2021-12-14 17:56:56',	'2021-12-14 17:56:56'),
(85,	118,	345,	234234,	NULL,	'2021-12-14 17:14:32',	'2021-12-14 17:14:32'),
(86,	115,	346,	77777777,	NULL,	'2021-12-14 17:56:12',	'2021-12-14 17:56:12'),
(87,	118,	351,	24,	NULL,	'2021-12-14 17:14:19',	'2021-12-14 17:14:19'),
(88,	117,	347,	42342,	NULL,	'2021-12-14 17:57:00',	'2021-12-14 17:57:00'),
(89,	116,	349,	234234,	NULL,	'2021-12-14 17:56:31',	'2021-12-14 17:56:31'),
(90,	119,	354,	3456,	NULL,	'2021-12-15 04:35:59',	'2021-12-15 04:35:58'),
(91,	120,	353,	2343,	NULL,	'2021-12-14 16:25:34',	'2021-12-14 16:25:34'),
(92,	122,	357,	NULL,	NULL,	'2021-12-13 04:31:09',	'2021-12-13 04:31:09'),
(93,	124,	368,	34567,	NULL,	'2021-12-15 04:18:22',	'2021-12-15 04:18:21'),
(94,	121,	359,	234,	NULL,	'2021-12-14 17:13:07',	'2021-12-14 17:13:07'),
(95,	123,	366,	875,	NULL,	'2021-12-13 04:54:24',	'2021-12-13 04:54:24'),
(96,	120,	358,	234,	NULL,	'2021-12-14 18:05:23',	'2021-12-14 18:05:22'),
(97,	125,	364,	NULL,	NULL,	'2021-12-13 04:31:10',	'2021-12-13 04:31:10'),
(98,	119,	361,	2343,	NULL,	'2021-12-15 12:18:23',	'2021-12-15 12:18:23'),
(99,	126,	367,	NULL,	NULL,	'2021-12-13 04:31:10',	'2021-12-13 04:31:10'),
(100,	122,	356,	234,	NULL,	'2021-12-14 17:12:54',	'2021-12-14 17:12:54'),
(101,	124,	360,	4567,	NULL,	'2021-12-15 04:18:26',	'2021-12-15 04:18:26'),
(102,	125,	355,	NULL,	NULL,	'2021-12-13 04:31:10',	'2021-12-13 04:31:10'),
(103,	121,	362,	234234,	NULL,	'2021-12-14 18:05:32',	'2021-12-14 18:05:32'),
(104,	123,	363,	34567,	NULL,	'2021-12-15 04:17:53',	'2021-12-15 04:17:53'),
(105,	126,	365,	NULL,	NULL,	'2021-12-13 04:31:10',	'2021-12-13 04:31:10'),
(106,	129,	361,	NULL,	NULL,	'2021-12-14 18:01:37',	'2021-12-14 18:01:37'),
(107,	130,	362,	NULL,	NULL,	'2021-12-14 18:05:32',	'2021-12-14 18:05:32'),
(108,	131,	366,	NULL,	NULL,	'2021-12-14 18:06:09',	'2021-12-14 18:06:09'),
(109,	131,	360,	NULL,	NULL,	'2021-12-15 04:18:22',	'2021-12-15 04:18:22'),
(110,	131,	368,	NULL,	NULL,	'2021-12-15 04:18:27',	'2021-12-15 04:18:27'),
(111,	129,	354,	NULL,	NULL,	'2021-12-15 04:35:59',	'2021-12-15 04:35:59'),
(112,	132,	370,	2,	NULL,	'2021-12-15 12:20:32',	'2021-12-15 12:20:32'),
(113,	135,	375,	33,	NULL,	'2021-12-15 12:21:53',	'2021-12-15 12:21:53'),
(114,	133,	376,	44,	NULL,	'2021-12-15 12:21:26',	'2021-12-15 12:21:26'),
(115,	134,	372,	12,	NULL,	'2021-12-15 12:21:36',	'2021-12-15 12:21:36'),
(116,	132,	374,	1,	NULL,	'2021-12-15 12:19:52',	'2021-12-15 12:19:52'),
(117,	135,	371,	23,	NULL,	'2021-12-15 12:21:46',	'2021-12-15 12:21:46'),
(118,	134,	369,	34,	NULL,	'2021-12-15 12:21:32',	'2021-12-15 12:21:32'),
(119,	133,	373,	1,	NULL,	'2021-12-15 12:21:23',	'2021-12-15 12:21:23'),
(120,	136,	370,	113,	NULL,	'2021-12-15 12:27:57',	'2021-12-15 12:27:57'),
(121,	136,	376,	1139,	NULL,	'2021-12-15 12:27:27',	'2021-12-15 12:27:27'),
(122,	137,	369,	113,	NULL,	'2021-12-15 12:47:04',	'2021-12-15 12:47:04'),
(123,	137,	375,	113,	NULL,	'2021-12-15 12:31:28',	'2021-12-15 12:31:28'),
(124,	138,	376,	1133,	NULL,	'2021-12-15 13:00:07',	'2021-12-15 13:00:07'),
(125,	138,	375,	113,	NULL,	'2021-12-15 12:48:21',	'2021-12-15 12:48:21');

DROP TABLE IF EXISTS `matches`;
CREATE TABLE `matches` (
  `id` int NOT NULL AUTO_INCREMENT,
  `tournament_id` int NOT NULL,
  `last_match_id` int DEFAULT NULL,
  `side` varchar(10) NOT NULL,
  `round` int NOT NULL,
  `sort` int DEFAULT NULL,
  `winner_id` int DEFAULT NULL,
  `created_at` timestamp NOT NULL DEFAULT CURRENT_TIMESTAMP,
  `updated_at` timestamp NULL DEFAULT NULL ON UPDATE CURRENT_TIMESTAMP,
  PRIMARY KEY (`id`)
) ENGINE=InnoDB DEFAULT CHARSET=utf8mb4 COLLATE=utf8mb4_0900_ai_ci;

INSERT INTO `matches` (`id`, `tournament_id`, `last_match_id`, `side`, `round`, `sort`, `winner_id`, `created_at`, `updated_at`) VALUES
(107,	40,	NULL,	'left',	1,	1,	344,	'2021-12-12 15:12:35',	'2021-12-13 04:29:00'),
(108,	40,	NULL,	'left',	1,	2,	336,	'2021-12-12 15:12:35',	'2021-12-12 17:40:27'),
(109,	40,	NULL,	'left',	1,	3,	337,	'2021-12-12 15:12:35',	'2021-12-12 17:40:52'),
(110,	40,	NULL,	'left',	1,	4,	333,	'2021-12-12 15:12:35',	'2021-12-12 17:56:08'),
(111,	40,	NULL,	'right',	1,	5,	338,	'2021-12-12 15:12:35',	'2021-12-12 17:55:35'),
(112,	40,	NULL,	'right',	1,	6,	NULL,	'2021-12-12 15:12:35',	'2021-12-12 15:12:35'),
(113,	40,	NULL,	'right',	1,	7,	NULL,	'2021-12-12 15:12:35',	'2021-12-12 15:12:35'),
(114,	40,	NULL,	'right',	1,	8,	NULL,	'2021-12-12 15:12:35',	'2021-12-12 15:12:35'),
(115,	41,	NULL,	'left',	1,	1,	346,	'2021-12-13 04:29:33',	'2021-12-14 17:56:12'),
(116,	41,	NULL,	'left',	1,	2,	349,	'2021-12-13 04:29:33',	'2021-12-14 17:14:13'),
(117,	41,	NULL,	'right',	1,	3,	347,	'2021-12-13 04:29:33',	'2021-12-14 17:17:40'),
(118,	41,	NULL,	'right',	1,	4,	345,	'2021-12-13 04:29:33',	'2021-12-14 17:14:32'),
(119,	42,	NULL,	'left',	1,	1,	354,	'2021-12-13 04:31:09',	'2021-12-15 05:34:09'),
(120,	42,	NULL,	'left',	1,	2,	353,	'2021-12-13 04:31:09',	'2021-12-14 16:25:34'),
(121,	42,	NULL,	'left',	1,	3,	362,	'2021-12-13 04:31:09',	'2021-12-14 17:13:07'),
(122,	42,	NULL,	'left',	1,	4,	NULL,	'2021-12-13 04:31:09',	'2021-12-13 04:31:09'),
(123,	42,	NULL,	'right',	1,	5,	363,	'2021-12-13 04:31:09',	'2021-12-15 04:17:53'),
(124,	42,	NULL,	'right',	1,	6,	368,	'2021-12-13 04:31:09',	'2021-12-15 04:18:27'),
(125,	42,	NULL,	'right',	1,	7,	NULL,	'2021-12-13 04:31:09',	'2021-12-13 04:31:09'),
(126,	42,	NULL,	'right',	1,	8,	NULL,	'2021-12-13 04:31:09',	'2021-12-13 04:31:09'),
(127,	41,	NULL,	'left',	2,	1,	NULL,	'2021-12-14 17:52:13',	'2021-12-14 17:52:13'),
(128,	41,	NULL,	'right',	2,	2,	NULL,	'2021-12-14 17:56:42',	'2021-12-14 17:56:42'),
(129,	42,	NULL,	'left',	2,	1,	NULL,	'2021-12-14 18:01:37',	'2021-12-14 18:01:37'),
(130,	42,	NULL,	'left',	2,	2,	NULL,	'2021-12-14 18:05:32',	'2021-12-14 18:05:32'),
(131,	42,	NULL,	'right',	2,	3,	NULL,	'2021-12-14 18:06:09',	'2021-12-14 18:06:09'),
(132,	43,	NULL,	'left',	1,	1,	370,	'2021-12-15 12:19:46',	'2021-12-15 12:19:57'),
(133,	43,	NULL,	'left',	1,	2,	376,	'2021-12-15 12:19:46',	'2021-12-15 12:21:27'),
(134,	43,	NULL,	'right',	1,	3,	369,	'2021-12-15 12:19:46',	'2021-12-15 12:21:36'),
(135,	43,	NULL,	'right',	1,	4,	375,	'2021-12-15 12:19:46',	'2021-12-15 12:21:54'),
(136,	43,	NULL,	'left',	2,	1,	376,	'2021-12-15 12:19:57',	'2021-12-15 12:27:57'),
(137,	43,	NULL,	'right',	2,	2,	375,	'2021-12-15 12:21:36',	'2021-12-15 12:31:50'),
(138,	43,	NULL,	'left',	3,	1,	376,	'2021-12-15 12:27:57',	'2021-12-15 12:48:40');

DROP TABLE IF EXISTS `tournaments`;
CREATE TABLE `tournaments` (
  `id` int NOT NULL AUTO_INCREMENT,
  `name` varchar(100) NOT NULL,
  `number_of_competators` int NOT NULL,
  `is_active` tinyint(1) NOT NULL DEFAULT '1',
  `created_at` timestamp NOT NULL DEFAULT CURRENT_TIMESTAMP,
  `updated_at` timestamp NOT NULL ON UPDATE CURRENT_TIMESTAMP,
  PRIMARY KEY (`id`)
) ENGINE=InnoDB DEFAULT CHARSET=utf8mb4 COLLATE=utf8mb4_0900_ai_ci;

INSERT INTO `tournaments` (`id`, `name`, `number_of_competators`, `is_active`, `created_at`, `updated_at`) VALUES
(40,	'Brackets',	16,	1,	'2021-12-12 15:10:26',	'2021-12-12 15:12:37'),
(41,	'Brackets',	8,	1,	'2021-12-13 04:29:28',	'2021-12-13 04:29:33'),
(42,	'Brackets',	16,	1,	'2021-12-13 04:31:05',	'2021-12-13 04:31:10'),
(43,	'Brackets',	8,	0,	'2021-12-15 12:19:42',	'2021-12-15 13:00:07');

-- 2021-12-15 16:42:14
